rgn_id,pressure_score
1,0.104894454227625
2,0.104894454227625
3,0.104894454227625
4,0.104894454227625
5,0.104894454227625
6,0.104894454227625
7,0.104894454227625
8,0.104894454227625
