rgn_id,trend
1,0.0146215194489963
2,0.0146215194489963
3,0.0146215194489963
4,0.0146215194489963
5,0.0146215194489963
6,0.0146215194489963
7,0.0146215194489963
8,0.0146215194489963
