rgn_id,pressure_score
1,0.0156798
2,0.0156798
3,0.0156798
4,0.0156798
5,0.0156798
6,0.0156798
7,0.0156798
8,0.0156798
