rgn_id,score
1,0.748946974428571
2,0.748946974428571
3,0.748946974428571
4,0.748946974428571
5,0.748946974428571
6,0.748946974428571
7,0.748946974428571
8,0.748946974428571
