rgn_id,pressure_score
1,0.0800221987052208
2,0.0800221987052208
3,0.0800221987052208
4,0.0800221987052208
5,0.0800221987052208
6,0.0800221987052208
7,0.0800221987052208
8,0.0800221987052208
