rgn_id,pressure_score
1,0.00206212349124595
2,0.00206212349124595
3,0.00206212349124595
4,0.00206212349124595
5,0.00206212349124595
6,0.00206212349124595
7,0.00206212349124595
8,0.00206212349124595
