rgn_id,pressure_score
1,0.692411167229037
2,0.692411167229037
3,0.692411167229037
4,0.692411167229037
5,0.692411167229037
6,0.692411167229037
7,0.692411167229037
8,0.692411167229037
