"rgn_id","pressure_score"
1,0.631445549309961
2,0.631445549309961
3,0.631445549309961
4,0.631445549309961
5,0.631445549309961
6,0.631445549309961
7,0.631445549309961
8,0.631445549309961
