"rgn_id","pressure_score"
1,0.162088897164033
2,0.162088897164033
3,0.162088897164033
4,0.162088897164033
5,0.162088897164033
6,0.162088897164033
7,0.162088897164033
8,0.162088897164033
