"rgn_id","pressure_score"
1,0.188585612315313
2,0.188585612315313
3,0.188585612315313
4,0.188585612315313
5,0.188585612315313
6,0.188585612315313
7,0.188585612315313
8,0.188585612315313
