rgn_id,pressure_score
1,0.170561832791882
2,0.170561832791882
3,0.170561832791882
4,0.170561832791882
5,0.170561832791882
6,0.170561832791882
7,0.170561832791882
8,0.170561832791882
