"rgn_id","trend"
1,0.0138727054150564
2,0.0138727054150564
3,0.0138727054150564
4,0.0138727054150564
5,0.0138727054150564
6,0.0138727054150564
7,0.0138727054150564
8,0.0138727054150564
