"rgn_id","trend"
1,0.000366152683702011
2,0.000366152683702011
3,0.000366152683702011
4,0.000366152683702011
5,0.000366152683702011
6,0.000366152683702011
7,0.000366152683702011
8,0.000366152683702011
