"rgn_id","trend"
1,-0.000208923566768372
2,-0.000208923566768372
3,-0.000208923566768372
4,-0.000208923566768372
5,-0.000208923566768372
6,-0.000208923566768372
7,-0.000208923566768372
8,-0.000208923566768372
