"rgn_id","resilience.score"
1,0.549688859187265
2,0.549688859187265
3,0.549688859187265
4,0.549688859187265
5,0.549688859187265
6,0.549688859187265
7,0.549688859187265
8,0.549688859187265
