"rgn_id","pressures.score"
1,0.0320958635766238
2,0.0320958635766238
3,0.0320958635766238
4,0.0320958635766238
5,0.0320958635766238
6,0.0320958635766238
7,0.0320958635766238
8,0.0320958635766238
