"rgn_id","pressure_score"
1,0.0379812207967362
2,0.0379812207967362
3,0.0379812207967362
4,0.0379812207967362
5,0.0379812207967362
6,0.0379812207967362
7,0.0379812207967362
8,0.0379812207967362
