"rgn_id","w_fis"
1,0.905125955022754
2,0.905125955022754
3,0.905125955022754
4,0.905125955022754
5,0.905125955022754
6,0.905125955022754
7,0.905125955022754
8,0.905125955022754
