"rgn_id","pressure_score"
1,0.00225304088571927
2,0.000379875469872784
3,0.00111301283034884
4,0.00784498333140905
5,0.00101065203375975
6,0.00306506013713356
7,1.15047320966935e-05
8,1.67057966006234e-06
