"rgn_id","score"
1,0.742786488857143
2,0.742786488857143
3,0.742786488857143
4,0.742786488857143
5,0.742786488857143
6,0.742786488857143
7,0.742786488857143
8,0.742786488857143
