"rgn_id","score"
1,0.182184126332102
2,0.182184126332102
3,0.182184126332102
4,0.182184126332102
5,0.182184126332102
6,0.182184126332102
7,0.182184126332102
8,0.182184126332102
