"rgn_id","score"
1,0.168334869165867
2,0.168334869165867
3,0.168334869165867
4,0.168334869165867
5,0.168334869165867
6,0.168334869165867
7,0.168334869165867
8,0.168334869165867
