"rgn_id","pressure_score"
1,0.080048381282366
2,0.080048381282366
3,0.080048381282366
4,0.080048381282366
5,0.080048381282366
6,0.080048381282366
7,0.080048381282366
8,0.080048381282366
