"rgn_id","pressure_score"
1,0.0837899814456777
2,0.0837899814456777
3,0.0837899814456777
4,0.0837899814456777
5,0.0837899814456777
6,0.0837899814456777
7,0.0837899814456777
8,0.0837899814456777
