"rgn_id","pressure_score"
1,0.0149837101651568
2,0.0149837101651568
3,0.0149837101651568
4,0.0149837101651568
5,0.0149837101651568
6,0.0149837101651568
7,0.0149837101651568
8,0.0149837101651568
