"rgn_id","pressure_score"
1,0.00192160083697217
2,0.00192160083697217
3,0.00192160083697217
4,0.00192160083697217
5,0.00192160083697217
6,0.00192160083697217
7,0.00192160083697217
8,0.00192160083697217
