"rgn_id","pressure_score"
1,0.00076147026642225
2,0.00076147026642225
3,0.00076147026642225
4,0.00076147026642225
5,0.00076147026642225
6,0.00076147026642225
7,0.00076147026642225
8,0.00076147026642225
