"rgn_id","pressure_score"
1,0.22874559989736
2,0.22874559989736
3,0.22874559989736
4,0.22874559989736
5,0.22874559989736
6,0.22874559989736
7,0.22874559989736
8,0.22874559989736
