"rgn_id","area_km2"
1,629255.77349294
2,629255.77349294
3,629255.77349294
4,629255.77349294
5,629255.77349294
6,629255.77349294
7,629255.77349294
8,629255.77349294
