"rgn_id","area_km2"
1,163643.701591034
2,163643.701591034
3,163643.701591034
4,163643.701591034
5,163643.701591034
6,163643.701591034
7,163643.701591034
8,163643.701591034
