"rgn_id","score"
1,0.838973
2,0.838973
3,0.838973
4,0.838973
5,0.838973
6,0.838973
7,0.838973
8,0.838973
