"rgn_id","score"
1,0.881435
2,0.881435
3,0.881435
4,0.881435
5,0.881435
6,0.881435
7,0.881435
8,0.881435
