"rgn_id","score"
1,-0.177547255607477
2,-0.177547255607477
3,-0.177547255607477
4,-0.177547255607477
5,-0.177547255607477
6,-0.177547255607477
7,-0.177547255607477
8,-0.177547255607477
