"rgn_id","score"
1,0.178039171298858
2,0.178039171298858
3,0.178039171298858
4,0.178039171298858
5,0.178039171298858
6,0.178039171298858
7,0.178039171298858
8,0.178039171298858
