"rgn_id","score"
1,0.821960828701142
2,0.821960828701142
3,0.821960828701142
4,0.821960828701142
5,0.821960828701142
6,0.821960828701142
7,0.821960828701142
8,0.821960828701142
