year,reg_compliance
2011,0.44760820045558086
2012,0.7952999238183565
2013,0.8396796820201076
2014,0.8381862410321255
2015,0.7830357142857143
2016,0.7939836149513568
