year,reg_enforcement
2011,0.6057217098216638
2012,0.9295914519227302
2013,0.8033738814671328
2014,0.7416578333124589
2015,0.8683493185643991
2016,0.8054872183702388
