rgn_id,trash_pressure
1,0.19592253072250848
2,0.15858292794991105
3,0.18544397462617027
4,0.14734040378912808
5,0.14398284959956612
6,0.17237225898794256
8,0.2781088109525552
