"rgn_id","score"
1,0.59
2,0.609524
3,0.609524
4,0.609091
5,0.609091
6,0.609524
7,0.609091
8,0.59
