"rgn_id","score"
1,-0.114636
2,-0.102635
3,-0.100665
4,-0.106333
5,-0.0986942
6,-0.0905615
7,-0.119489
8,-0.108138
