"rgn_id","rgn_mean_cat","rgn_mean_trend","status"
1,0.187332,-0.112173,75.0224
2,0.179948,-0.100121,76.0069
3,0.18168,-0.0963603,75.7759
4,0.180624,-0.104314,75.9168
5,0.18754,-0.096152,74.9946
6,0.197916,-0.0861835,73.6112
7,0.225652,-0.129816,69.9131
8,0.183127,-0.104454,75.5831
