rgn_id,rgn_mean_cat,rgn_mean_trend,status
1,0.187331976339864,-0.112172724752919,75.0224031546848
2,0.179948162065616,-0.100121392889785,76.0069117245846
3,0.18168048991445,-0.0963603152061626,75.7759346780734
4,0.180624360135595,-0.104313897044823,75.9167519819207
5,0.187540325751477,-0.0961519502101122,74.9946232331363
6,0.197916359273125,-0.0861835039580832,73.6111520969167
7,0.225651789465271,-0.129816235098998,69.9130947379639
8,0.183127007843649,-0.104453950659405,75.5830656208468
