rgn_id,rgn_mean_cat,rgn_mean_trend,status
1,0.142370747538579,-0.0956494156702344,81.0172336615229
2,0.129578042696224,-0.0953721489537462,82.7229276405035
3,0.146803432007683,-0.0952096927235069,80.4262090656422
4,0.140731770302548,-0.10093478245513,81.2357639596603
5,0.141366300587682,-0.110078258457602,81.1511599216425
6,0.140376743833419,-0.0967851816791137,81.2831008222108
8,0.130198404189203,-0.0953262836117924,82.6402127747729
