"rgn_id","rgn_mean_cat","rgn_mean_trend","status"
1,0.188292,-0.114101,74.8944
2,0.17496,-0.110176,76.6721
3,0.188004,-0.109613,74.9328
4,0.185461,-0.10856,75.2719
5,0.192485,-0.100259,74.3353
6,0.198155,-0.0879781,73.5794
8,0.177645,-0.12533,76.314
