rgn_id,rgn_mean_cat,rgn_mean_trend,status
1,0.143393867353307,-0.094844822456686,80.8808176862257
2,0.130354191652068,-0.0874298330318927,82.6194411130576
3,0.142488532975169,-0.0879644078211726,81.0015289366442
4,0.134891758609232,-0.09494838531741,82.0144321854357
5,0.128023784520292,-0.0888343669549046,82.9301620639611
6,0.139420858259237,-0.0957753478134097,81.4105522321018
7,0.116169599079427,-0.0912050226217691,84.510720122743
8,0.139585173676315,-0.0862318574456485,81.3886435098247
