rgn_id,rgn_mean_cat,rgn_mean_trend,status
1,0.188292166061717,-0.114101141929238,74.8943778584378
2,0.174959476948031,-0.110175841407193,76.6720697402626
3,0.188004001374406,-0.109612281243275,74.9327998167459
4,0.185460616048364,-0.108559656173322,75.2719178602181
5,0.192485197146323,-0.100258785007651,74.335307047157
6,0.198154876682774,-0.0879780968695231,73.5793497756302
8,0.177645059009031,-0.125329638797597,76.3139921321293
