rgn_id,score
1,-0.0956494156702344
2,-0.0953721489537462
3,-0.0952096927235069
4,-0.10093478245513
5,-0.110078258457602
6,-0.0967851816791137
8,-0.0953262836117924
