rgn_id,score
1,80.6628480956614
2,84.036736671821
3,82.5084905280836
4,82.3210479193805
5,84.822020182714
6,80.0225149587455
7,89.8271062653506
8,82.3584432554337
