rgn_id,score
1,-0.094844822456686
2,-0.0874298330318927
3,-0.0879644078211726
4,-0.09494838531741
5,-0.0888343669549046
6,-0.0957753478134097
7,-0.0912050226217691
8,-0.0862318574456485
