rgn_id,score
1,81.0172336615229
2,82.7229276405035
3,80.4262090656422
4,81.2357639596603
5,81.1511599216425
6,81.2831008222108
8,82.6402127747729
