rgn_id,score
1,80.8808176862257
2,82.6194411130576
3,81.0015289366442
4,82.0144321854357
5,82.9301620639611
6,81.4105522321018
7,84.510720122743
8,81.3886435098247
