rgn_id,pressure_score
1,0.214800686888155
2,0.214800686888155
3,0.214800686888155
4,0.214800686888155
5,0.214800686888155
6,0.214800686888155
7,0.214800686888155
8,0.214800686888155
