status_yr,area,score,hab,trend,hab_weight,a_ref,cs_st_tot,cs_tr_tot
2010.0,3.4398,0.8743387763043331,cf,-0.01234665712950002,4.6,4.3137,0.8668048547805378,-0.006895854850433486
2010.0,0.4599,0.5517415192084403,sm,-0.022412924039578865,218.0,0.6282,0.8668048547805378,-0.006895854850433486
2013.0,1.72,0.9993818393923919,sg,2.174671135041889e-5,138.0,1.72,0.8668048547805378,-0.006895854850433486
