year,area,score,hab,hab_score_tot
2e3,0.4743,0.571737334413267,sm,0.7855057367484735
2010.0,0.4599,0.5517415192084403,sm,0.7755616793004161
2e3,1.72,0.99927413908368,sg,0.7855057367484735
2010.0,1.72,0.9993818393923919,sg,0.7755616793004161
