rgn_id,w_fis
1,0.906299857364741
2,0.906299857364741
3,0.906299857364741
4,0.906299857364741
5,0.906299857364741
6,0.906299857364741
7,0.906299857364741
8,0.906299857364741
