rgn_id,pressure_score
1,0.0163272946303518
2,0.0163272946303518
3,0.0163272946303518
4,0.0163272946303518
5,0.0163272946303518
6,0.0163272946303518
7,0.0163272946303518
8,0.0163272946303518
