rgn_id,pct_gf
1,0.1458302066136375
2,0
3,0.016416510318949362
4,0.23500954805856145
5,0.038762579202385405
6,0.8692010309278351
7,0
8,0
