rgn_id,pct_gf
1,0.3206744236156001
2,0.023909525277435284
3,0.10874864572047671
4,0.4384073291050035
5,0.04085375494071147
6,1
7,9.466472908449264e-4
8,0.003349148758024001
