rgn_id,n_spp,n_harmful,pressure
1,28,19,0.30434782608695654
2,28,19,0.30434782608695654
3,28,19,0.30434782608695654
4,29.705122611182766,20.117457309364543,0.32288176751285613
5,64.90842298345598,43.877897311274644,0.7055263367766954
6,61.621271156967566,39.766079244009376,0.6697964256192127
7,40.02967038432121,27.1281556650819,0.4351051128730566
8,28,19,0.30434782608695654
