rgn_id,pressure
1,0.3217960939471928
2,0.3975413752553073
3,0.26039974014724987
4,0.3543417008893833
5,0.1957195896957573
6,0.12384351987339648
8,0.527
