cp_status,cp_trend
0.7465435455700418,-0.02234066855912834
