cp_status,cp_trend
0.8555391819595579,-0.010395666493631465
