cp_status,cp_trend
0.7344191788718794,-0.014170466185941349
