status_yr,area,score,hab,trend,hab_weight,a_ref,cp_st_tot,cp_tr_tot,trend_yrs
2010.0,3.3804,0.7510554804734733,cf,-0.024510531396011444,4.0,4.338,0.7165361741028271,-0.02144268378080198,2000-2010
2010.0,0.4581,0.4934171325423669,sm,-0.0016133392334518994,3.0,0.8948571428571429,0.7165361741028271,-0.02144268378080198,2000-2010
