cp_status,cp_trend
0.7344191788718794,-0.014589592738811757
