cp_status,cp_trend
0.7165361741028271,-0.02144268378080198
