status_yr,area,score,hab,trend,hab_weight,a_ref,cp_st_tot,cp_tr_tot,trend_yrs
2010.0,3.3804,0.7510554804734733,cf,-0.024510531396011444,4.0,4.338,0.7465435455700418,-0.02234066855912834,2000-2010
2010.0,0.4581,0.704881617917667,sm,-0.00230477033350272,3.0,0.6264,0.7465435455700418,-0.02234066855912834,2000-2010
