status_yr,area,hab,c_cref,trend,hab_weight,a_ref,cs_st_tot,cs_tr_tot,trend_yrs
2010.0,3.3804,cf,0.7792531120331949,-0.021863948408570838,4.6,4.338,0.7047848049577914,0.003169956125585299,2000-2010
2010.0,2.3228999999999997,sm,0.7027226760015557,0.0038631790744466585,218.0,3.3055714285714286,0.7047848049577914,0.003169956125585299,2000-2010
