status_yr,area,hab,c_cref,trend,hab_weight,a_ref,cs_st_tot,cs_tr_tot,trend_yrs
2010.0,3.3804,cf,0.7792531120331949,-0.021804979253111846,4.6,4.338,0.5367329074598023,-0.0034833337718028585,2000-2010
2010.0,0.4581,sm,0.5119252873563218,-0.0016091954022988254,218.0,0.8948571428571429,0.5367329074598023,-0.0034833337718028585,2000-2010
