cs_status,cs_trend
0.7374330074755607,-0.004785853939045375
