status_yr,area,hab,c_cref,trend,hab_weight,a_ref,cs_st_tot,cs_tr_tot,trend_yrs
2010.0,3.3804,cf,0.7792531120331949,-0.021804979253111846,4.6,4.338,0.7374330074755607,-0.004785853939045375,2000-2010
2010.0,0.4581,sm,0.7313218390804598,-0.00229885057471261,218.0,0.6264,0.7374330074755607,-0.004785853939045375,2000-2010
