cs_status,cs_trend
0.5367329074598023,-0.0034833337718028585
