cs_status,cs_trend
0.7047848049577914,0.003169956125585299
