hab_status,hab_trend
0.560550470075403,0.0026137689614935686
