hab_status,hab_trend
0.5626580465111758,-0.00229885057471261
