status_yr,area_km2,hab,c_cref,trend,hab_st_tot,hab_tr_tot
2010.0,2.3228999999999997,sm,0.7027226760015557,0.0038631790744466585,0.560550470075403,0.0038631790744466585
2015.0,458.76599999999996,sb,0.8434193375876602,NA,0.560550470075403,0.0038631790744466585
2015.0,1.8197999999999999,sp,0.13550939663699307,NA,0.560550470075403,0.0038631790744466585
