hab_status,hab_trend
0.6718191433293444,-0.0011205597309259367
