status_yr,area_km2,hab,c_cref,trend,hab_st_tot,hab_tr_tot
2010.0,0.4599,sm,0.7320916905444126,-0.0022922636103151674,0.6718191433293444,-0.0011205597309259367
2013.0,1.72,sg,0.9985325823198973,5.1144148463294085e-5,0.6718191433293444,-0.0011205597309259367
2015.0,430.71659999999997,sb,0.8211429038160747,NA,0.6718191433293444,-0.0011205597309259367
2015.0,1.8197999999999999,sp,0.13550939663699307,NA,0.6718191433293444,-0.0011205597309259367
