hab_status,hab_trend
0.560550470075403,0.0038631790744466585
