status_yr,area_km2,hab,c_cref,trend,hab_st_tot,hab_tr_tot
2010.0,0.4581,sm,0.5119252873563218,-0.0016091954022988254,0.4969513405269917,-0.0016091954022988254
2015.0,458.76599999999996,sb,0.8434193375876602,NA,0.4969513405269917,-0.0016091954022988254
2015.0,1.8197999999999999,sp,0.13550939663699307,NA,0.4969513405269917,-0.0016091954022988254
