hab_status,hab_trend
0.5700835244350376,-0.00229885057471261
