hab_status,hab_trend
0.4969513405269917,-0.0016091954022988254
