year,mean_cat_ts,rgn_id,status,trend
2016.0,0.3388888888888889,1.0,0.6611111111111111,NA
