year,mean_cat_ts,rgn_id,status,trend
2016.0,0.3413793103448276,1.0,0.6586206896551724,NA
