rgn_id,area_km2
1,17519.93678817177
2,46053.7410673044
3,20517.01339904727
4,13731.588962758937
5,28162.406565981717
6,8159.22112334607
7,315888.12130223186
8,3210.947739559677
