rgn_id,pressure,rgn_name
1,0.0826167859853131,North Coast
2,0.302892845561716,Haida Gwaii
3,0.0146718327184706,Central Coast
4,0.0558819922428371,North Vancouver Island
5,0.223108578985425,West Vancouver Island
6,0.236391117176917,Strait of Georgia
7,0.41441005456083,Pacific Offshore
8,0,Aristazabal Island
