rgn_id,pressure,rgn_name
1,0.107583571598647,North Coast
2,0.318606199374135,Haida Gwaii
3,0.016611292431229,Central Coast
4,0.0292067932221562,North Vancouver Island
5,0.197560364481973,West Vancouver Island
6,0.164822933018747,Strait of Georgia
7,0.402106887552813,Pacific Offshore
8,0,Aristazabal Island
