goal,lag,adj_r_squared,intercept,pressures
AO,1,0.8244901628539913,-0.0048,NA
CPP,1,0.5823966026614831,-0.0006°,0.0001**
CSS,1,0.579722839171563,-0.0001°,0.0000*
CW,1,0.4227241680744649,-0.0789***,0.0025***
FIS,1,0.0759584130140214,-0.0699,NA
HAB,1,0.044443709688453015,0.0009,NA
LSP,1,0.21053337904706515,0.0792,NA
SPP,1,0.7810523119220754,-0.0007***,NA
TR,1,-0.0033425932827140237,-0.4727,0.0204
MAR,2,0.43246698632794967,-0.2589,NA
SAL,3,1,-0.1356***,0.0000°
