goal,lag,adj_r_squared,intercept,pressures
AO,1,0.8232550252236276,0.0494,-0.0031
CPP,1,0.5823966026614831,-0.0006°,0.0001**
CSS,1,0.579722839171563,-0.0001°,0.0000*
CW,1,0.4227241680744649,-0.0789***,0.0025***
FIS,1,0.6467332924623949,0.0806,-0.0813**
HAB,1,0.03726535616155924,0.0163,-0.0013
LSP,1,0.2123541393149484,1.7810,-0.0803
MAR,2,0.3928387065198551,-5.2329,0.1822
SAL,2,1,-0.2837***,0.0000**
SPP,1,0.7809725228336517,-0.0016°,0.0001
TR,1,-0.0033425932827140237,-0.4727,0.0204
