goal,lag,adj_r_squared,intercept,pressures
AO,1,0.8244901628539913,-0.0048,NA
CPP,1,0.5397201206929688,-0.0002,NA
CSS,1,0.553285863568145,-0.0001,NA
CW,1,0.15166606912112957,-0.0227*,0.0007*
FIS,1,0.0759584130140214,-0.0699,NA
HAB,1,0.044443709688453015,0.0009,NA
LSP,1,0.21053337904706515,0.0792,NA
SPP,1,0.7810523119220754,-0.0007***,NA
TR,1,-0.04505683746560463,0.0024,NA
MAR,2,0.43246698632794967,-0.2589,NA
SAL,3,1,-0.1356***,0.0000
