goal,lag,adj_r_squared,intercept,pressures
AO,1,0.4857273441687857,0.0006,NA
CPP,1,0.5823966026614831,-0.0006°,0.0001**
CSS,1,0.579722839171563,-0.0001°,0.0000*
CW,1,0.4227241680744649,-0.0789***,0.0025***
FIS,1,0.0759584130140214,-0.0699,NA
LSP,1,0.2123541393149484,1.7810,-0.0803
SPP,1,0.7810523119220754,-0.0007***,NA
TR,1,-0.04505683746560463,0.0024,NA
AQC,2,0.43246698632794967,-0.2589,NA
SAL,2,1,0.4682***,0.0000
HAB,4,0.19511648013844674,0.0712,-0.0059
