goal,lag,adj_r_squared,intercept,pressures
AO,1,0.4857273441687857,0.0006,NA
CPP,1,0.5397201206929688,-0.0002,NA
CSS,1,0.553285863568145,-0.0001,NA
CW,1,0.15166606912112957,-0.0227*,0.0007*
FIS,1,0.0759584130140214,-0.0699,NA
LSP,1,0.21053337904706515,0.0792,NA
SPP,1,0.7810523119220754,-0.0007***,NA
TR,1,-0.037947408418284034,-0.4966,0.0180
AQC,2,0.43246698632794967,-0.2589,NA
SAL,2,1,0.4682***,0.0000
HAB,4,0.2519544664777862,-0.0632*,0.0063**
