rgn_id,trend
1,0.280981697868241
2,0.280981697868241
3,0.280981697868241
4,0.280981697868241
5,0.280981697868241
6,0.280981697868241
7,0.280981697868241
8,0.280981697868241
