rgn_id,pressure_score
1,0.260537717727783
2,0.260537717727783
3,0.260537717727783
4,0.260537717727783
5,0.260537717727783
6,0.260537717727783
7,0.260537717727783
8,0.260537717727783
