rgn_id,resilience.score
1,0.029104062261077
2,0.029104062261077
3,0.029104062261077
4,0.029104062261077
5,0.029104062261077
6,0.029104062261077
7,0.029104062261077
8,0.029104062261077
