rgn_id,pressure_score
1,0.0837883055338255
2,0.0837883055338255
3,0.0837883055338255
4,0.0837883055338255
5,0.0837883055338255
6,0.0837883055338255
7,0.0837883055338255
8,0.0837883055338255
