year,sum_cf,area_cf_km2,area_nonzero_cf_km2,cp_score_cf,cp_loss_cf,cp_trend_cf
1990.0,677.7159464346246,330.94079999999997,4.3236,1.0,NA,NA
2e3,676.2285955058126,325.9215,4.3137,0.9978053475993345,-0.00219465240066552,-2.19465240066552e-4
2010.0,592.5533312875826,317.1195,3.4398,0.8743387763043331,-0.12373813348671187,-0.012373813348671187
