year,sum_cf,area_cf_km2,area_nonzero_cf_km2,area_watershed_km2,cp_score_cf,cp_loss_cf,cp_trend_cf,cs_score_cf_ws,cs_loss_cf_ws,cs_trend_cf_ws
1990.0,1845.8704533257846,308.8521,4.338,3235.3029,1.0,NA,NA,1.0,NA,NA
2e3,1838.783777206504,304.2819,4.3263,3228.1695,0.9961607944335897,-0.0038392055664102642,-3.839205566410264e-4,0.997795136894292,-0.0022048631057079993,-2.2048631057079992e-4
2010.0,1386.351120214385,295.57349999999997,3.3804,3216.2913,0.7510554804734733,-0.24604995029891905,-0.024604995029891906,0.9941237032242018,-0.0036795465665604957,-3.6795465665604956e-4
