year,sum_sm,area_sm_km2,cp_score_sm,cp_loss_sm,cp_trend_sm
1900.0,2655.8786848072564,3.3055714285714286,1.0,NA,NA
1990.0,1859.1150793650793,2.3139,0.7,-0.30000000000000004,-0.003333333333333334
2e3,1799.6537698412699,2.2365,0.6776114361458024,-0.0319836626488536,-0.00319836626488536
2010.0,1873.2162698412699,2.3228999999999997,0.7053094256740171,0.04087591804199548,0.004087591804199548
