year,sum_sm,area_sm_km2,cp_score_sm,cp_loss_sm,cp_trend_sm
1900.0,646.9501133786848,0.8948571428571429,1.0,NA,NA
1990.0,452.86507936507934,0.6264,0.7,-0.30000000000000004,-0.030000000000000006
2e3,329.6537698412698,0.4725,0.5095505248768861,-0.2720706787473055,-0.02720706787473055
2010.0,319.2162698412698,0.4581,0.4934171325423669,-0.03166200709618982,-0.0031662007096189817
