sponge_trawl_bin_prs,sponge_trawl_hrs_prs,n_cells_prs,a_prs_km2,a_tot_km2
0.0,0.0,885,0.7965,1.8197999999999999
0.1,66.0,146,0.1314,1.8197999999999999
0.2,123.0,36,0.0324,1.8197999999999999
0.2,373.0,162,0.14579999999999999,1.8197999999999999
0.8,3396.0,293,0.2637,1.8197999999999999
1.0,3374.0,209,0.1881,1.8197999999999999
1.0,10720.5,291,0.26189999999999997,1.8197999999999999
