year,sum_cf,area_cf_km2,area_nonzero_cf_km2,area_watershed_km2,cp_score_cf,cp_loss_cf,cp_trend_cf,cs_score_cf_ws,cs_loss_cf_ws,cs_trend_cf_ws
1990.0,1845.8704533257846,310.3452,4.338,4087.1763,1.0,NA,NA,1.0,NA,NA
2e3,1838.783777206504,305.6769,4.3263,4070.2293,0.9961607944335897,-0.0038392055664102642,-3.839205566410264e-4,0.9958536165909946,-0.004146383409005416,-4.146383409005416e-4
2010.0,1386.351120214385,296.9676,3.3804,4052.2509,0.7510554804734733,-0.24604995029891905,-0.024604995029891906,0.9914548829224714,-0.004417048444911926,-4.417048444911926e-4
