weighted_prs,hab_status_hrs
0.17885709618392528,0.8211429038160747
