area_tot_km2,weighted_prs,hab_status
32.7753,0.2643453437793361,0.7356546562206638
