area_tot_km2,weighted_prs,hab_status
458.76599999999996,0.15658066241233987,0.8434193375876602
