weighted_prs,hab_status_hrs
0.21079870743945214,0.7892012925605478
