weighted_prs,hab_status_hrs
0.22584022872906415,0.7741597712709358
