area_tot_km2,weighted_prs,hab_status
430.71659999999997,0.17885709618392528,0.8211429038160747
