weighted_bin_prs,hab_status_bin,weighted_hrs_prs,hab_status_hrs
0.3900098911968348,0.6099901088031652,0.22578692357114047,0.7742130764288595
