weighted_bin_prs,hab_status_bin,weighted_hrs_prs,hab_status_hrs
0.3900098911968348,0.6099901088031652,0.24713531524552843,0.7528646847544715
