protected,area_prot_km2,area_tot_km2,status
protected,0.24659999999999999,1.8197999999999999,0.13550939663699307
