weighted_bin_prs,hab_status_bin,weighted_hrs_prs,hab_status_hrs
0.872661217075386,0.12733878292461398,0.5701911588055135,0.4298088411944865
