weighted_bin_prs,hab_status_bin,weighted_hrs_prs,hab_status_hrs
0.6659062103929024,0.33409378960709757,0.5162534864352352,0.48374651356476484
