rgn_id,pressure_score
1,0.16970108350118
2,0.16970108350118
3,0.16970108350118
4,0.16970108350118
5,0.16970108350118
6,0.16970108350118
7,0.16970108350118
8,0.16970108350118
