status_yr,area,hab,c_cref,trend,hab_weight,a_ref,cs_st_tot,cs_tr_tot,cs_st_tot_ref,cs_tr_tot_ref
2013.0,1.72,sg,0.9985325823198973,5.1144148463294085e-5,138.0,1.72,0.9985325823198974,5.1144148463294085e-5,0.9985325823198974,5.1144148463294085e-5
