cs_status,cs_trend
0.8957291053759906,-0.001785340640864554
