hab_status,hab_trend
0.865312136432155,-0.0011205597309259367
