"rgn_id","score"
1,-0.116326
2,-0.112571
3,-0.111954
4,-0.11134
5,-0.104223
6,-0.0923993
8,-0.126934
