"rgn_id","score"
1,-0.112173
2,-0.100121
3,-0.0963604
4,-0.104314
5,-0.096152
6,-0.0861835
7,-0.129816
8,-0.104454
