rgn_id,score
1,-0.112172724752919
2,-0.100121392889785
3,-0.0963603152061626
4,-0.104313897044823
5,-0.0961519502101122
6,-0.0861835039580832
7,-0.129816235098998
8,-0.104453950659405
