rgn_id,score
1,74.8943778584378
2,76.6720697402626
3,74.9327998167459
4,75.2719178602181
5,74.335307047157
6,73.5793497756302
8,76.3139921321293
