rgn_id,score
1,-0.114101141929238
2,-0.110175841407193
3,-0.109612281243275
4,-0.108559656173322
5,-0.100258785007651
6,-0.0879780968695231
8,-0.125329638797597
