"rgn_id","score"
1,-0.114101
2,-0.110176
3,-0.109612
4,-0.10856
5,-0.100259
6,-0.0879781
8,-0.12533
