rgn_id,score
1,75.0224031546848
2,76.0069117245846
3,75.7759346780734
4,75.9167519819207
5,74.9946232331363
6,73.6111520969167
7,69.9130947379639
8,75.5830656208468
